<modification>
    <id>YouPay</id>
    <version>1.0</version>
    <author>MyWork Australia - Bjorn Mett</author>

    <!-- fix for OC 3.0.3.5 & 3.0.3.6 to allow vqmod changed for twig files-->
    <file path="system/library/template/twig.php" error="skip" info="fix Core Opencart twig files modification">
        <operation>
            <search><![CDATA[$file = DIR_TEMPLATE . $filename . '.twig';]]></search>
            <add position="replace"><![CDATA[$file = modification( DIR_TEMPLATE . $filename . '.twig' );
            if( class_exists('VQMod') ) {
                $file = \VQMod::modCheck($file);
            }
            ]]></add>
        </operation>
    </file>

    <!-- include youpay css -->
    <file name="catalog/controller/common/header.php">
        <operation>
            <search position="after"><![CDATA[$data['title'] = $this->document->getTitle();]]></search>
            <add><![CDATA[
                $this->document->addStyle('catalog/view/theme/default/stylesheet/youpay.css');
                ]]></add>
        </operation>
    </file>

    <!-- modal popup -->
    <file name="catalog/view/theme/*/template/common/header.twig">
        <operation error="log">
            <search position="after"><![CDATA[<body>]]></search>
            <add><![CDATA[
                <!-- YouPay popup modal -->
                <div class="modal fade" id="youPayModal" tabindex="-1" role="dialog" aria-labelledby="youPayModalTitle" aria-hidden="true">
                  <div class="modal-dialog modal-dialog-centered" role="document">
                    <div class="modal-content">
                      <div class="modal-header">
                        <button type="button" class="close" data-dismiss="modal" aria-label="Close">
                          <span aria-hidden="true">&times;</span>
                        </button>
                      </div>
                      <div class="modal-body">
                        <img class="what-is-youpay" alt="What is YouPay?" src="/image/what-is-youpay.jpg">
                      </div>
                    </div>
                  </div>
                </div>
                ]]></add>
        </operation>
    </file>

    <!-- product page -->
    <file name="catalog/view/theme/*/template/product/product.twig">
        <operation>
            <search position="before"><![CDATA[<div id="product">]]></search>
            <add><![CDATA[
              	<div id="youpay-product-page-info">
					<a class="youpay-info-link" data-toggle="modal" data-target="#youPayModal"><img class="youpay-logo" src="/image/youpay-logo.png"></a>
					Or you pay <strong>$0</strong> and let someone else pay. <a class="youpay-info-link" data-toggle="modal" data-target="#youPayModal">Learn More</a>.
				</div>
                ]]></add>
        </operation>
    </file>

    <!-- checkout -->
    <file name="catalog/controller/checkout/success.php">
        <operation>
            <search position="before"><![CDATA[if (isset($this->session->data['order_id'])) {]]></search>
            <add><![CDATA[
                if (isset($this->session->data['youpay_link'])) {
                    $data['youpay_link'] = $this->session->data['youpay_link'];
                    $data['youpay_order_id'] = $this->session->data['youpay_order_id'];
                    $data['youpay_js_url'] = $this->session->data['youpay_js_url'];
                    unset($this->session->data['youpay_link']);
                    unset($this->session->data['youpay_order_id']);
                    unset($this->session->data['youpayjs_url']);
                }
                ]]></add>
        </operation>
    </file>
    <file name="catalog/view/theme/*/template/common/success.twig">
        <operation>
            <search position="replace" offset="4"><![CDATA[<h1>{{ heading_title }}</h1>]]></search>
            <add><![CDATA[
                {% if youpay_order_id %}
                    <div style="max-width: 375px;margin: 22px auto 18px;">
                        <div id="youpay-share-app" data-id="{{ youpay_order_id }}"></div>
                    </div>
                    <script src="{{ youpay_js_url }}"></script>
                {% else %}
                    {{ text_message }}
                    <div class="buttons">
                        <div class="pull-right"><a href="{{ continue }}" class="btn btn-primary">{{ button_continue }}</a></div>
                    </div>
                {% endif %}
                ]]></add>
        </operation>
    </file>

    <file name="catalog/language/en-gb/mail/order_add.php">
        <operation>
            <search position="after" offset="1"><![CDATA[$_['text_footer'] ]]></search>
            <add><![CDATA[
                $_['text_youpay'] = "YouPay Link";
                $_['text_youpay_instructions'] = "<p>Your order is now on hold until payment has been received.<br/>
Simply send the link below to the person you wish to pay.</p>";
                $_['text_youpay_address'] = "Order on hold until paid via YouPay link:";
                ]]></add>
        </operation>
    </file>

    <file name="catalog/controller/mail/order.php">
        <operation>
            <search position="after"><![CDATA[$data['ip'] = $order_info['ip'];]]></search>
            <add><![CDATA[
                 $data['youpay_link'] = $this->session->data['youpay_link'];
                ]]></add>
        </operation>
        <operation>
            <search position="after"><![CDATA[$data['text_footer'] = $language->get('text_footer');]]></search>
            <add><![CDATA[
                 $data['text_youpay'] = $language->get('text_youpay');
                 $data['text_youpay_instructions'] = $language->get('text_youpay_instructions');
                 $data['text_youpay_address'] = $language->get('text_youpay_address');
                ]]></add>
        </operation>
    </file>
    <file name="catalog/view/theme/*/template/mail/order_add.twig">
        <operation>
            <search position="before" offset="1"><![CDATA[{% if download %}]]></search>
            <add><![CDATA[
                {% if youpay_link %}
                   <table style="border-collapse: collapse; width: 100%; border-top: 1px solid #DDDDDD; border-left: 1px solid #DDDDDD; margin-bottom: 20px;">
                    <thead>
                      <tr>
                        <td style="font-size: 12px; border-right: 1px solid #DDDDDD; border-bottom: 1px solid #DDDDDD; background-color: #EFEFEF; font-weight: bold; text-align: left; padding: 7px; color: #222222;">{{ text_youpay }}</td>
                      </tr>
                    </thead>
                    <tbody>
                      <tr>
                        <td style="font-size: 12px; border-right: 1px solid #DDDDDD; border-bottom: 1px solid #DDDDDD; text-align: left; padding: 7px;">{{ text_youpay_instructions }}
                        <a href="{{ youpay_link }}">{{ youpay_link }}</a>
                        </td>
                      </tr>
                    </tbody>
                  </table>
                {% endif %}
                ]]></add>
        </operation>
        <operation>
            <search position="replace"><![CDATA[{{ payment_address }}]]></search>
            <add><![CDATA[
                {{ text_youpay_address }}<br/>
                <a href="{{ youpay_link }}">{{ youpay_link }}</a>
                ]]></add>
        </operation>
    </file>

</modification>